-- phpMyAdmin SQL Dump
-- version 5.2.1
-- https://www.phpmyadmin.net/
--
-- Host: maria_db
-- Erstellungszeit: 07. Mai 2023 um 21:17
-- Server-Version: 10.11.2-MariaDB-1:10.11.2+maria~ubu2204
-- PHP-Version: 8.1.15

SET SQL_MODE = "NO_AUTO_VALUE_ON_ZERO";
START TRANSACTION;
SET time_zone = "+00:00";


/*!40101 SET @OLD_CHARACTER_SET_CLIENT=@@CHARACTER_SET_CLIENT */;
/*!40101 SET @OLD_CHARACTER_SET_RESULTS=@@CHARACTER_SET_RESULTS */;
/*!40101 SET @OLD_COLLATION_CONNECTION=@@COLLATION_CONNECTION */;
/*!40101 SET NAMES utf8mb4 */;

--
-- Datenbank: `aktieninvestdb`
--

-- --------------------------------------------------------

--
-- Tabellenstruktur für Tabelle `ACCOUNT`
--

CREATE TABLE `ACCOUNT` (
  `ACCOUNT_ID` int(11) NOT NULL,
  `ANREDE` varchar(256) NOT NULL,
  `VORNAME` varchar(256) NOT NULL,
  `NACHNAME` varchar(256) NOT NULL,
  `STRASSE` varchar(256) DEFAULT NULL,
  `HAUSNUMMER` varchar(11) DEFAULT NULL,
  `PLZ` varchar(5) DEFAULT NULL,
  `STADT` varchar(256) DEFAULT NULL,
  `SPIELERNAME` varchar(256) NOT NULL,
  `EMAIL` varchar(256) NOT NULL,
  `PASSWORT` varchar(256) NOT NULL,
  `KONTOSTAND` decimal(13,2) NOT NULL DEFAULT 3000.00,
  `MLTP_SPIEL_ID` int(11) DEFAULT NULL,
  `MLTP_KONTOSTAND` decimal(13,2) DEFAULT NULL,
  `ERSTELLT_AM` timestamp NOT NULL DEFAULT current_timestamp()
) ENGINE=InnoDB DEFAULT CHARSET=utf8mb4 COLLATE=utf8mb4_general_ci;

--
-- Daten für Tabelle `ACCOUNT`
--

INSERT INTO `ACCOUNT` (`ACCOUNT_ID`, `ANREDE`, `VORNAME`, `NACHNAME`, `STRASSE`, `HAUSNUMMER`, `PLZ`, `STADT`, `SPIELERNAME`, `EMAIL`, `PASSWORT`, `KONTOSTAND`, `MLTP_SPIEL_ID`, `MLTP_KONTOSTAND`, `ERSTELLT_AM`) VALUES
(32, 'Herr', 'Max', 'Maier', 'Teststraße', '10', '70374', 'Stuttgart', 'Testspieler', 'testspieler@web.de', '$2a$10$dKsJb4mp76l9bYb3bIL37eP5K1tjWEDWAsNsXV15PYWgypmXWSuFO', 12346.00, 100002, 50000.00, '2023-05-07 20:57:44'),
(33, 'Frau', 'Maria', 'Müller', 'Kupferstr.', '20', '70736', 'Fellbach', 'player5', 'player5@web.de', '$2a$10$dPiTIRK6Rb62naxq.s8r2.F6EBOLasHSfSRV6aeVCNPnjL9uU.fwO', 993855.16, 100003, 12560.00, '2023-05-07 20:59:29'),
(34, 'Divers', 'Hannes', 'Bauer', 'Schiffstraße', '26', '70731', 'Stuttgart', 'AktienKing', 'hannes@gmx.net', '$2a$10$pf9mz83XhosVje1Qetpcluxq7vIemMFSB/E3Fby7wqU11rIrwiUEW', 3000.00, NULL, NULL, '2023-05-07 21:04:54'),
(35, 'Frau', 'Roberta', 'Friedrich', 'Bürgerstr.', '25', '70173', 'Stuttgart', 'BrokerGamer', 'R.Friedrich@gmail.de', '$2a$10$jh3n7y81j8kL7TbEz2k7/O3YPsagplBnAeTV1d9wQi78hIPU0VPXO', 3000.00, NULL, NULL, '2023-05-07 21:06:20'),
(36, 'Frau', 'Martina', 'Fuchs', 'Bärenstraße', '66', '28195', 'Bremen', 'Traderkönig', 'Fuchs@web.de', '$2a$10$LENNq4Ea8aK9dW795/n.N.a6RqCCrNntFD9RXsqUa/C9/Fsr79Gy.', 4500.00, NULL, NULL, '2023-05-07 21:08:25'),
(37, 'Herr', 'Martin', 'Düsentrieb', 'Wasserstr.', '200', '20095', 'Hamburg', 'MutiplayerGamer', 'gamer@web.de', '$2a$10$6bQaIevlu4ksYK/VQYrFH.FqDg9CJUMpWKIeSteCr5pkDD.KghW6i', 6500.00, 100003, 12560.00, '2023-05-07 21:14:54');

-- --------------------------------------------------------

--
-- Tabellenstruktur für Tabelle `AKTIE`
--

CREATE TABLE `AKTIE` (
  `AKTIE_NAME` varchar(255) NOT NULL,
  `AKTIE_TICKERSYMBOL` varchar(255) NOT NULL,
  `AKTIE_BOERSE` varchar(255) NOT NULL
) ENGINE=InnoDB DEFAULT CHARSET=utf8mb4 COLLATE=utf8mb4_general_ci;

--
-- Daten für Tabelle `AKTIE`
--

INSERT INTO `AKTIE` (`AKTIE_NAME`, `AKTIE_TICKERSYMBOL`, `AKTIE_BOERSE`) VALUES
('Apple Inc.', 'AAPL', 'NASDAQ'),
('Allianz SE', 'ALIZF', 'PNK'),
('Amazon.com, Inc.', 'AMZN', 'NASDAQ'),
('BASF SE', 'BASFY', 'PNK'),
('Bayer AG', 'BAYRY', 'PNK'),
('Deutsche Lufthansa AG', 'DLAKY', 'PNK'),
('PayPal Holdings, Inc.', 'PYPL', 'NASDAQ'),
('SAP SE', 'SAP', 'NYSE'),
('Tesla, Inc.', 'TSLA', 'NASDAQ'),
('Volkswagen AG', 'VLKAF', 'PNK');

-- --------------------------------------------------------

--
-- Tabellenstruktur für Tabelle `AKTIENDEPOT`
--

CREATE TABLE `AKTIENDEPOT` (
  `AKTIENDEPOT_ID` int(11) NOT NULL,
  `ACCOUNT_ID` int(11) NOT NULL,
  `ERSTELLT_AM` timestamp NOT NULL DEFAULT current_timestamp()
) ENGINE=InnoDB DEFAULT CHARSET=utf8mb4 COLLATE=utf8mb4_general_ci;

--
-- Daten für Tabelle `AKTIENDEPOT`
--

INSERT INTO `AKTIENDEPOT` (`AKTIENDEPOT_ID`, `ACCOUNT_ID`, `ERSTELLT_AM`) VALUES
(18, 32, '2023-05-07 20:57:44'),
(19, 33, '2023-05-07 20:59:29'),
(20, 34, '2023-05-07 21:04:54'),
(21, 35, '2023-05-07 21:06:20'),
(22, 36, '2023-05-07 21:08:25'),
(23, 37, '2023-05-07 21:14:54');

-- --------------------------------------------------------

--
-- Tabellenstruktur für Tabelle `AKTIENDEPOT_TRANSAKTIONEN`
--

CREATE TABLE `AKTIENDEPOT_TRANSAKTIONEN` (
  `AKTIENDEPOT_TRANSAKTIONEN_ID` int(11) NOT NULL,
  `AKTIENDEPOT_ID` int(11) NOT NULL,
  `AKTIE_SYMBOL` varchar(255) NOT NULL,
  `AKTIE_ANZAHL` int(11) NOT NULL,
  `GEKAUFT_AM` timestamp NULL DEFAULT NULL,
  `KAUFPREIS` int(11) DEFAULT NULL,
  `VERKAUFT_AM` timestamp NULL DEFAULT NULL
) ENGINE=InnoDB DEFAULT CHARSET=utf8mb4 COLLATE=utf8mb4_general_ci;

--
-- Daten für Tabelle `AKTIENDEPOT_TRANSAKTIONEN`
--

INSERT INTO `AKTIENDEPOT_TRANSAKTIONEN` (`AKTIENDEPOT_TRANSAKTIONEN_ID`, `AKTIENDEPOT_ID`, `AKTIE_SYMBOL`, `AKTIE_ANZAHL`, `GEKAUFT_AM`, `KAUFPREIS`, `VERKAUFT_AM`) VALUES
(91, 19, 'PYPL', 7, '2023-05-07 21:10:09', NULL, NULL),
(92, 19, 'BASFY', 4, '2023-05-07 21:10:16', NULL, NULL),
(93, 19, 'SAP', 7, '2023-05-07 21:10:26', NULL, NULL),
(94, 19, 'BAYRY', 22, '2023-05-07 21:10:36', NULL, NULL),
(95, 19, 'TSLA', 9, '2023-05-07 21:10:50', NULL, NULL),
(96, 19, 'VLKAF', 13, '2023-05-07 21:11:02', NULL, NULL),
(97, 19, 'ALIZF', 1, '2023-05-07 21:11:11', NULL, NULL),
(98, 19, 'SAP', 3, NULL, NULL, '2023-05-07 21:11:18'),
(99, 19, 'TSLA', 2, NULL, NULL, '2023-05-07 21:11:24'),
(100, 19, 'PYPL', 2, NULL, NULL, '2023-05-07 21:11:30'),
(101, 19, 'VLKAF', 7, '2023-05-07 21:11:35', NULL, NULL);

-- --------------------------------------------------------

--
-- Tabellenstruktur für Tabelle `MULTIPLAYER_DEPOT`
--

CREATE TABLE `MULTIPLAYER_DEPOT` (
  `MLTP_DEPOT_ID` int(11) NOT NULL,
  `ACCOUNT_ID` int(11) NOT NULL,
  `ERSTELLT_AM` timestamp NOT NULL DEFAULT current_timestamp()
) ENGINE=InnoDB DEFAULT CHARSET=utf8mb4 COLLATE=utf8mb4_general_ci;

--
-- Daten für Tabelle `MULTIPLAYER_DEPOT`
--

INSERT INTO `MULTIPLAYER_DEPOT` (`MLTP_DEPOT_ID`, `ACCOUNT_ID`, `ERSTELLT_AM`) VALUES
(3, 32, '2023-05-07 20:57:44'),
(4, 33, '2023-05-07 20:59:29'),
(5, 34, '2023-05-07 21:04:54'),
(6, 35, '2023-05-07 21:06:20'),
(7, 36, '2023-05-07 21:08:25'),
(8, 37, '2023-05-07 21:14:54');

-- --------------------------------------------------------

--
-- Tabellenstruktur für Tabelle `MULTIPLAYER_DEPOT_TRANSAKTIONEN`
--

CREATE TABLE `MULTIPLAYER_DEPOT_TRANSAKTIONEN` (
  `MLTP_DEPOT_TRANSAKTIONEN_ID` int(11) NOT NULL,
  `MLTP_DEPOT_ID` int(11) NOT NULL,
  `AKTIE_SYMBOL` varchar(255) NOT NULL,
  `AKTIE_ANZAHL` int(11) NOT NULL,
  `GEKAUFT_AM` timestamp NULL DEFAULT NULL,
  `VERKAUFT_AM` timestamp NULL DEFAULT NULL
) ENGINE=InnoDB DEFAULT CHARSET=utf8mb4 COLLATE=utf8mb4_general_ci;

-- --------------------------------------------------------

--
-- Tabellenstruktur für Tabelle `MULTIPLAYER_SPIEL`
--

CREATE TABLE `MULTIPLAYER_SPIEL` (
  `MLTP_SPIEL_ID` int(11) NOT NULL,
  `MLTP_PASSWORT` varchar(1024) NOT NULL,
  `BUDGET` int(11) NOT NULL,
  `ANFANGSZEITPUNKT` timestamp NOT NULL,
  `ENDZEITPUNKT` timestamp NOT NULL,
  `ERSTELLT_AM` timestamp NOT NULL DEFAULT current_timestamp()
) ENGINE=InnoDB DEFAULT CHARSET=utf8mb4 COLLATE=utf8mb4_general_ci;

--
-- Daten für Tabelle `MULTIPLAYER_SPIEL`
--

INSERT INTO `MULTIPLAYER_SPIEL` (`MLTP_SPIEL_ID`, `MLTP_PASSWORT`, `BUDGET`, `ANFANGSZEITPUNKT`, `ENDZEITPUNKT`, `ERSTELLT_AM`) VALUES
(100002, 'testspieler', 50000, '2023-05-06 00:00:00', '2023-07-30 00:00:00', '2023-05-07 20:58:26'),
(100003, 'player5', 12560, '2023-05-06 00:00:00', '2023-10-30 00:00:00', '2023-05-07 21:00:09');

--
-- Indizes der exportierten Tabellen
--

--
-- Indizes für die Tabelle `ACCOUNT`
--
ALTER TABLE `ACCOUNT`
  ADD PRIMARY KEY (`ACCOUNT_ID`),
  ADD UNIQUE KEY `SPIELERNAME` (`SPIELERNAME`),
  ADD UNIQUE KEY `EMAIL` (`EMAIL`);

--
-- Indizes für die Tabelle `AKTIE`
--
ALTER TABLE `AKTIE`
  ADD PRIMARY KEY (`AKTIE_TICKERSYMBOL`),
  ADD UNIQUE KEY `AKTIE_NAME` (`AKTIE_NAME`);

--
-- Indizes für die Tabelle `AKTIENDEPOT`
--
ALTER TABLE `AKTIENDEPOT`
  ADD PRIMARY KEY (`AKTIENDEPOT_ID`),
  ADD KEY `ACCOUNT_ID` (`ACCOUNT_ID`);

--
-- Indizes für die Tabelle `AKTIENDEPOT_TRANSAKTIONEN`
--
ALTER TABLE `AKTIENDEPOT_TRANSAKTIONEN`
  ADD PRIMARY KEY (`AKTIENDEPOT_TRANSAKTIONEN_ID`),
  ADD KEY `AKTIENDEPOT_ID` (`AKTIENDEPOT_ID`),
  ADD KEY `AKTIE_SYMBOL` (`AKTIE_SYMBOL`);

--
-- Indizes für die Tabelle `MULTIPLAYER_DEPOT`
--
ALTER TABLE `MULTIPLAYER_DEPOT`
  ADD PRIMARY KEY (`MLTP_DEPOT_ID`),
  ADD KEY `MLT_ID` (`ACCOUNT_ID`);

--
-- Indizes für die Tabelle `MULTIPLAYER_DEPOT_TRANSAKTIONEN`
--
ALTER TABLE `MULTIPLAYER_DEPOT_TRANSAKTIONEN`
  ADD PRIMARY KEY (`MLTP_DEPOT_TRANSAKTIONEN_ID`),
  ADD KEY `MLTP_DEPOT_ID` (`MLTP_DEPOT_ID`),
  ADD KEY `AKTIE_SYBMOL` (`AKTIE_SYMBOL`);

--
-- Indizes für die Tabelle `MULTIPLAYER_SPIEL`
--
ALTER TABLE `MULTIPLAYER_SPIEL`
  ADD PRIMARY KEY (`MLTP_SPIEL_ID`);

--
-- AUTO_INCREMENT für exportierte Tabellen
--

--
-- AUTO_INCREMENT für Tabelle `ACCOUNT`
--
ALTER TABLE `ACCOUNT`
  MODIFY `ACCOUNT_ID` int(11) NOT NULL AUTO_INCREMENT, AUTO_INCREMENT=38;

--
-- AUTO_INCREMENT für Tabelle `AKTIENDEPOT`
--
ALTER TABLE `AKTIENDEPOT`
  MODIFY `AKTIENDEPOT_ID` int(11) NOT NULL AUTO_INCREMENT, AUTO_INCREMENT=24;

--
-- AUTO_INCREMENT für Tabelle `AKTIENDEPOT_TRANSAKTIONEN`
--
ALTER TABLE `AKTIENDEPOT_TRANSAKTIONEN`
  MODIFY `AKTIENDEPOT_TRANSAKTIONEN_ID` int(11) NOT NULL AUTO_INCREMENT, AUTO_INCREMENT=102;

--
-- AUTO_INCREMENT für Tabelle `MULTIPLAYER_DEPOT`
--
ALTER TABLE `MULTIPLAYER_DEPOT`
  MODIFY `MLTP_DEPOT_ID` int(11) NOT NULL AUTO_INCREMENT, AUTO_INCREMENT=9;

--
-- AUTO_INCREMENT für Tabelle `MULTIPLAYER_DEPOT_TRANSAKTIONEN`
--
ALTER TABLE `MULTIPLAYER_DEPOT_TRANSAKTIONEN`
  MODIFY `MLTP_DEPOT_TRANSAKTIONEN_ID` int(11) NOT NULL AUTO_INCREMENT, AUTO_INCREMENT=7;

--
-- AUTO_INCREMENT für Tabelle `MULTIPLAYER_SPIEL`
--
ALTER TABLE `MULTIPLAYER_SPIEL`
  MODIFY `MLTP_SPIEL_ID` int(11) NOT NULL AUTO_INCREMENT, AUTO_INCREMENT=100004;

--
-- Constraints der exportierten Tabellen
--

--
-- Constraints der Tabelle `AKTIENDEPOT`
--
ALTER TABLE `AKTIENDEPOT`
  ADD CONSTRAINT `ACCOUNT_ID` FOREIGN KEY (`ACCOUNT_ID`) REFERENCES `ACCOUNT` (`ACCOUNT_ID`) ON DELETE CASCADE ON UPDATE NO ACTION;

--
-- Constraints der Tabelle `AKTIENDEPOT_TRANSAKTIONEN`
--
ALTER TABLE `AKTIENDEPOT_TRANSAKTIONEN`
  ADD CONSTRAINT `AKTIENDEPOT_ID` FOREIGN KEY (`AKTIENDEPOT_ID`) REFERENCES `AKTIENDEPOT` (`AKTIENDEPOT_ID`) ON DELETE CASCADE ON UPDATE NO ACTION,
  ADD CONSTRAINT `AKTIE_SYMBOL` FOREIGN KEY (`AKTIE_SYMBOL`) REFERENCES `AKTIE` (`AKTIE_TICKERSYMBOL`) ON DELETE NO ACTION ON UPDATE NO ACTION;

--
-- Constraints der Tabelle `MULTIPLAYER_DEPOT`
--
ALTER TABLE `MULTIPLAYER_DEPOT`
  ADD CONSTRAINT `MLTP_ID` FOREIGN KEY (`ACCOUNT_ID`) REFERENCES `ACCOUNT` (`ACCOUNT_ID`) ON DELETE CASCADE ON UPDATE NO ACTION;

--
-- Constraints der Tabelle `MULTIPLAYER_DEPOT_TRANSAKTIONEN`
--
ALTER TABLE `MULTIPLAYER_DEPOT_TRANSAKTIONEN`
  ADD CONSTRAINT `AKTIE_SYBMOL` FOREIGN KEY (`AKTIE_SYMBOL`) REFERENCES `AKTIE` (`AKTIE_TICKERSYMBOL`) ON DELETE CASCADE ON UPDATE NO ACTION,
  ADD CONSTRAINT `MLTP_DEPOT_ID` FOREIGN KEY (`MLTP_DEPOT_ID`) REFERENCES `MULTIPLAYER_DEPOT` (`MLTP_DEPOT_ID`) ON DELETE CASCADE ON UPDATE NO ACTION;
COMMIT;

/*!40101 SET CHARACTER_SET_CLIENT=@OLD_CHARACTER_SET_CLIENT */;
/*!40101 SET CHARACTER_SET_RESULTS=@OLD_CHARACTER_SET_RESULTS */;
/*!40101 SET COLLATION_CONNECTION=@OLD_COLLATION_CONNECTION */;
